-- phpMyAdmin SQL Dump
-- version 4.8.3
-- https://www.phpmyadmin.net/
--
-- Host: 127.0.0.1:3306
-- Generation Time: Dec 11, 2018 at 05:29 PM
-- Server version: 5.7.23
-- PHP Version: 7.2.10

SET SQL_MODE = "NO_AUTO_VALUE_ON_ZERO";
SET AUTOCOMMIT = 0;
START TRANSACTION;
SET time_zone = "+00:00";


/*!40101 SET @OLD_CHARACTER_SET_CLIENT=@@CHARACTER_SET_CLIENT */;
/*!40101 SET @OLD_CHARACTER_SET_RESULTS=@@CHARACTER_SET_RESULTS */;
/*!40101 SET @OLD_COLLATION_CONNECTION=@@COLLATION_CONNECTION */;
/*!40101 SET NAMES utf8mb4 */;

--
-- Database: `aalgs`
--

-- --------------------------------------------------------

--
-- Table structure for table `algcase`
--

DROP TABLE IF EXISTS `algcase`;
CREATE TABLE IF NOT EXISTS `algcase` (
  `caseID` int(11) NOT NULL,
  `setID` int(11) DEFAULT NULL,
  `name` varchar(25) NOT NULL,
  `pigcase` varchar(50) DEFAULT NULL,
  PRIMARY KEY (`caseID`)
) ENGINE=MyISAM AUTO_INCREMENT=162 DEFAULT CHARSET=latin1;

--
-- Dumping data for table `algcase`
--

INSERT INTO `algcase` (`caseID`, `setID`, `name`, `pigcase`) VALUES
(1, 1, 'OLL 1', 'R U2 R2\' F R F\' U2 R\' F R F\''),
(2, 1, 'OLL 2', 'F R U R\' U\' F\' f R U R\' U\' f\''),
(3, 1, 'OLL 3', 'r\' R2 U R\' U r U2 r\' U M\''),
(4, 1, 'OLL 4', 'M U\' r U2 r\' U\' R U\' R2 r'),
(5, 1, 'OLL 5', 'r\' U2 R U R\' U r'),
(6, 1, 'OLL 6', 'r U2 R\' U\' R U\' r\''),
(7, 1, 'OLL 7', 'r U R\' U R U2 r\''),
(8, 1, 'OLL 8', 'l\' U\' L U\' L\' U2 l'),
(9, 1, 'OLL 9', 'R U2 R\' M\' U\' R U\' R\' U M'),
(10, 1, 'OLL 10', 'R U R\' y R\' F R U\' R\' F\' R'),
(11, 1, 'OLL 11', 'r\' R2 U R\' U R U2 R\' U M\''),
(12, 1, 'OLL 12', 'F R U R\' U\' F\' U F R U R\' U\' F\''),
(13, 1, 'OLL 13', 'F U R U\' R2 F\' R U R U\' R\''),
(14, 1, 'OLL 14', 'R\' F R U R\' F\' R y\' R U\' R\''),
(15, 1, 'OLL 15', 'r\' U\' r R\' U\' R U r\' U r'),
(16, 1, 'OLL 16', 'r U r\' R U R\' U\' r U\' r\''),
(17, 1, 'OLL 17', 'R U R\' U R\' F R F\' U2 R\' F R F\''),
(18, 1, 'OLL 18', 'l\' U\' r\' U2 L U2 L\' U2 r U l'),
(19, 1, 'OLL 19', 'r\' R U R U R\' U\' r R2\' F R F\''),
(20, 1, 'OLL 20', 'M U R U R\' U\' M2 U R U\' r\''),
(21, 1, 'OLL 21', 'R U R\' U R U\' R\' U R U2 R\''),
(22, 1, 'OLL 22', 'R U2 R2 U\' R2 U\' R2 U2 R'),
(23, 1, 'OLL 23', 'R2 D R\' U2 R D\' R\' U2 R\''),
(24, 1, 'OLL 24', 'r U R\' U\' r\' F R F\''),
(25, 1, 'OLL 25', 'R\' F R B\' R\' F\' R B'),
(26, 1, 'OLL 26', 'R\' U\' R U\' R\' U2 R'),
(27, 1, 'OLL 27', 'R U R\' U R U2 R\''),
(28, 1, 'OLL 28', 'r U R\' U\' M U R U\' R\''),
(29, 1, 'OLL 29', 'M U R U R\' U\' R\' F R F\' M\''),
(30, 1, 'OLL 30', 'r\' U2 R U R\' U r R U2 R\' U\' R U\' R\''),
(31, 1, 'OLL 31', 'R\' U\' F U R U\' R\' F\' R'),
(32, 1, 'OLL 32', 'R U B\' U\' R\' U R B R\''),
(33, 1, 'OLL 33', 'R U R\' U\' R\' F R F\''),
(34, 1, 'OLL 34', 'F R U R\' U\' R\' F\' r U R U\' r\''),
(35, 1, 'OLL 35', 'R U2 R2\' F R F\' R U2 R\''),
(36, 1, 'OLL 36', 'R\' U\' R U\' R\' U R U R y R\' F\' R'),
(37, 1, 'OLL 37', 'F R\' F\' R U R U\' R\''),
(38, 1, 'OLL 38', 'R U R\' U R U\' R\' U\' R\' F R F\''),
(39, 1, 'OLL 39', 'R\' r\' D\' r U\' r\' D r U R'),
(40, 1, 'OLL 40', 'R r D r\' U r D\' r\' U\' R\''),
(41, 1, 'OLL 41', 'R U\' R\' U2 R U y R U\' R\' U\' F\''),
(42, 1, 'OLL 42', 'R\' U\' R U\' R\' U2 R F R U R\' U\' F\''),
(43, 1, 'OLL 43', 'f\' L\' U\' L U f'),
(44, 1, 'OLL 44', 'f R U R\' U\' f\''),
(45, 1, 'OLL 45', 'F R U R\' U\' F\''),
(46, 1, 'OLL 46', 'R\' U\' R\' F R F\' U R'),
(47, 1, 'OLL 47', 'F\' L\' U\' L U L\' U\' L U F'),
(48, 1, 'OLL 48', 'F R U R\' U\' R U R\' U\' F\''),
(49, 1, 'OLL 49', 'R B\' R2 F R2 B R2 F\' R'),
(50, 1, 'OLL 50', 'r\' U r2 U\' r2\' U\' r2 U r\''),
(51, 1, 'OLL 51', 'f R U R\' U\' R U R\' U\' f\''),
(52, 1, 'OLL 52', 'R U R\' U R d\' R U\' R\' F\''),
(53, 1, 'OLL 53', 'r\' U\' R U\' R\' U R U\' R\' U2 r'),
(54, 1, 'OLL 54', 'r U R\' U R U\' R\' U R U2 r\''),
(55, 1, 'OLL 55', 'R U2 R2 U\' R U\' R\' U2 F R F\''),
(56, 1, 'OLL 56', 'r U r\' U R U\' R\' U R U\' R\' r U\' r\''),
(57, 1, 'OLL 57', 'R U R\' U\' r R\' U R U\' r\''),
(58, 2, 'Aa', 'R\' F R\' B2 R F\' R\' B2 R2'),
(59, 2, 'Ab', 'l\' R\' D2 R U R\' D2 R U\' R x\''),
(60, 2, 'E', 'L R\' U\' R U L\' U\' R\' U R r U R\' U\' r\' F R F\''),
(61, 2, 'F', 'R\' U R U\' R2 F\' U\' F U R F R\' F\' R2'),
(62, 2, 'Ga', 'R2 u R\' U R\' U\' R u\' R2 y\' R\' U R'),
(63, 2, 'Gb', 'R\' U\' R y R2 u R\' U R U\' R u\' R2'),
(64, 2, 'Gc', 'R2 u\' R U\' R U R\' u R2 y R U\' R\''),
(65, 2, 'Gd', 'R U R\' y\' R2 u\' R U\' R\' U R\' u R2'),
(66, 2, 'H', 'M2 U M2 U2 M2 U M2'),
(67, 2, 'Ja', 'L\' U2 L U L\' U2 R U\' L U R\''),
(68, 2, 'Jb', 'R U R\' F\' R U R\' U\' R\' F R2 U\' R\' U\''),
(69, 2, 'Na', 'L U\' R U2 L\' U R\' L U\' R U2 L\' U R\''),
(70, 2, 'Nb', 'R\' U L\' U2 R U\' L R\' U L\' U2 R U\' L'),
(71, 2, 'Ra', 'L U2 L\' U2 L F\' L\' U\' L U L F L2'),
(72, 2, 'Rb', 'R\' U2 R U2 R\' F R U R\' U\' R\' F\' R2'),
(73, 2, 'T', 'R U R\' U\' R\' F R2 U\' R\' U\' R U R\' F\''),
(74, 2, 'Ua', 'R2 U\' R\' U\' R U R U R U\' R'),
(75, 2, 'Ub', 'R\' U R\' U\' R\' U\' R\' U R U R2'),
(76, 2, 'V', 'R\' U R\' d\' R\' F\' R2 U\' R\' U R\' F R F'),
(77, 2, 'Y', 'F R U\' R\' U\' R U R\' F\' R U R\' U\' R\' F R F\''),
(78, 2, 'Z', 'M2 U M2 U M\' U2 M2 U2 M\''),
(79, 3, 'CMLL AS 1', 'R\' U\' R U\' R\' U2 R'),
(80, 3, 'CMLL AS 2', 'y2 R2 D R\' U R D\' R\' U R\' U\' R U\' R\''),
(81, 3, 'CMLL AS 3', 'y\' x\' F U\' R U L\' U2 R\' U2 R'),
(82, 3, 'CMLL AS 4', 'y2 R U2 R\' U2 R\' F R F\''),
(83, 3, 'CMLL AS 5', 'R\' U L U\' R U L\''),
(84, 3, 'CMLL AS 6', 'y2 R\' U\' R U\' L U\' R\' U L\' U2 R'),
(85, 3, 'CMLL H 1', 'R U2 R\' U\' R U R\' U\' R U\' R\' '),
(86, 3, 'CMLL H 2', 'y\' R U R\' U R U L\' U R\' U\' L'),
(87, 3, 'CMLL H 3', 'L\' U2 y R U2 R U2 R\' U2 F y x'),
(88, 3, 'CMLL H 4', 'F R U R\' U\' R U R\' U\' R U R\' U\' F\''),
(89, 3, 'CMLL L 1', 'y\' R U2 R\' U\' R U R\' U\' R U R\' U\' R U\' R\''),
(90, 3, 'CMLL L 2', 'R\' U2 R\' D\' R U2 R\' D R2'),
(91, 3, 'CMLL L 3', 'y R\' U\' R U2 L\' U R\' U\' L U\' R'),
(92, 3, 'CMLL L 4', 'y\' L\' U\' L\' U R U\' L U x\''),
(93, 3, 'CMLL L 5', 'y\' x L\' D L U\' L\' D\' L U x\''),
(94, 3, 'CMLL L 6', 'y\' L\' U2 R U\' r\' U2 R l U\' R\''),
(95, 3, 'CMLL O 1', 'R\' U L\' U2 R U\' R\' U2 R2 x\''),
(96, 3, 'CMLL O 2', 'R\' U L\' U2 R U\' x\' U L\' U2 R U\' R x\''),
(97, 3, 'CMLL Pi 1', 'R U2 R2\' U\' R2 U\' R2\' U2 R'),
(98, 3, 'CMLL Pi 2', 'R\' U\' R U\' R\' U2 R U\' L\' U R U\' L U R\''),
(99, 3, 'CMLL Pi 3', 'L\' U2 y R U2 R\' U2 R\' U2 F y x'),
(100, 3, 'CMLL Pi 4', 'R U R\' U R U2 R\' U\' R U\' L\' U R\' U\' L'),
(101, 3, 'CMLL Pi 5', 'R\' U L U\' R U\' L\' U\' L U\' L\''),
(102, 3, 'CMLL Pi 6', 'y2 R U R\' U R U\' y R U\' R\' y L\''),
(103, 3, 'CMLL S 1', 'R U R\' U R U2 R\''),
(104, 3, 'CMLL S 2', 'R\' F2 R U2 R U\' L\' U x\''),
(105, 3, 'CMLL S 3', 'x U R\' U\' L U2 R U2 R\''),
(106, 3, 'CMLL S 4', 'y\' R U R\' U R U\' R D R\' U\' R D\' R2'),
(107, 3, 'CMLL S 5', 'R U\' L\' U R\' U\' L'),
(108, 3, 'CMLL S 6', 'y2 R U R\' U L\' U R U\' L U2 R\''),
(109, 3, 'CMLL T 1', 'R U2 R\' U\' R U\' R2\' U2\' R U R\' U R'),
(110, 3, 'CMLL T 2', 'R\' U r U2 R2\' F R F\' R'),
(111, 3, 'CMLL T 3', 'y\' R\' U\' R U L U\' R\' U x'),
(112, 3, 'CMLL T 4', 'F U\' L\' U R2 U\' L U R\' l\' U\' x\''),
(113, 3, 'CMLL T 5', 'y\' R U R\' U\' R\' F R F\''),
(114, 3, 'CMLL T 6', 'R\' U R2 D r\' U2 r D\' R2\' U\' R '),
(115, 3, 'CMLL U 1', 'R\' U\' R U\' R\' U2 R2 U R\' U R U2 R\''),
(116, 3, 'CMLL U 2', 'y\' F R2 D R\' U R D\' R2\' U\' F\''),
(117, 3, 'CMLL U 3', 'y2 R2 D R\' U2 R D\' R\' U2 R\''),
(118, 3, 'CMLL U 4', 'y2 R\' F U\' R F R\' U R F\''),
(119, 3, 'CMLL U 5', 'R2 D\' R U2 R\' D R U2 R'),
(120, 3, 'CMLL U 6', 'y\' F R U R\' U\' F\''),
(121, 4, 'F2L 1', 'U R U\' R\''),
(122, 4, 'F2L 2', 'F R\' F\' R'),
(123, 4, 'F2L 3', 'F\' U\' F'),
(124, 4, 'F2L 4', 'R U R\''),
(125, 4, 'F2L 5', 'F2 L\' U\' L U F2'),
(126, 4, 'F2L 6', ' U\' r U\' R\' U R U r\' '),
(127, 4, 'F2L 7', 'U\' R U2 R\' U2 R U\' R\' '),
(128, 4, 'F2L 8', 'r\' U2 R2 U R2’ U r '),
(129, 4, 'F2L 9', 'U\' R U\' R\' U F\' U\' F '),
(130, 4, 'F2L 10', 'U\' R U R\' U R U R\' '),
(131, 4, 'F2L 11', 'U\' R U2 R\' U F\' U\' F'),
(132, 4, 'F2L 12', 'R\' U2 R2 U R2 U R '),
(133, 4, 'F2L 13', 'y\' U R\' U R U\' R\' U\' R'),
(134, 4, 'F2L 14', 'U\' R U\' R\' U R U R\''),
(135, 4, 'F2L 15', 'R U R\' U2 R U\' R\' U R U\' R\''),
(136, 4, 'F2L 16', 'R U\' R\' U2 F\' U\' F'),
(137, 4, 'F2L 17', 'R U2 R\' U\' R U R\''),
(138, 4, 'F2L 18', 'y\' R\' U2 R U R\' U\' R'),
(139, 4, 'F2L 19', 'U R U2 R\' U R U\' R\''),
(140, 4, 'F2L 20', 'y\' U\' R\' U2 R U\' R\' U R'),
(141, 4, 'F2L 21', 'R U\' R\' U2 R U R\''),
(142, 4, 'F2L 22', 'F\' L\' U2 L F'),
(143, 4, 'F2L 23', 'U R U\' R\' U\' R U\' R\' U R U\' R\''),
(144, 4, 'F2L 24', 'r U R\' U R U r\' U\' r U r\''),
(145, 4, 'F2L 25', 'R\' F\' R U R U\' R\' F '),
(146, 4, 'F2L 26', 'U R U\' R\' U\' F\' U F'),
(147, 4, 'F2L 27', 'R U\' R\' U R U\' R\''),
(148, 4, 'F2L 28', 'y\' R\' U R U\' R\' U R'),
(149, 4, 'F2L 29', 'M\' U R U\' r\' U R U\' R\''),
(150, 4, 'F2L 30', 'R U R\' U\' R U R\''),
(151, 4, 'F2L 31', 'U\' R\' F R F\' R U\' R\''),
(152, 4, 'F2L 32', 'R U R\' U\' R U R\' U\' R U R\''),
(153, 4, 'F2L 33', 'U\' R U\' R\' U2 R U\' R\''),
(154, 4, 'F2L 34', 'U\' R U2\' R\' U R U R\''),
(155, 4, 'F2L 35', 'U\' R U R\' U F\' U\' F '),
(156, 4, 'F2L 36', 'R2 u R U R\' U\' u\' R\' U R\''),
(157, 4, 'F2L 37', 'R2 U2 F R2 F\' U2 R\' U R\''),
(158, 4, 'F2L 38', 'R U R\' U\' R U2 R\' U\' R U R\''),
(159, 4, 'F2L 39', 'R U2 R\' U R U\' R\' U R U R\''),
(160, 4, 'F2L 40', 'R U\' R\' F R U R\' U\' F\' R U\' R\''),
(161, 4, 'F2L 41', 'R U\' M\' U\' r\' U2 r U r\' ');

-- --------------------------------------------------------

--
-- Table structure for table `algorithm`
--

DROP TABLE IF EXISTS `algorithm`;
CREATE TABLE IF NOT EXISTS `algorithm` (
  `algID` int(11) NOT NULL,
  `caseID` int(11) DEFAULT NULL,
  `moves` varchar(75) NOT NULL,
  PRIMARY KEY (`algID`)
) ENGINE=MyISAM AUTO_INCREMENT=770 DEFAULT CHARSET=latin1;

--
-- Dumping data for table `algorithm`
--

INSERT INTO `algorithm` (`algID`, `caseID`, `moves`) VALUES
(1, 1, 'R U2 R2 F R F\' U2 R\' F R F\''),
(2, 1, 'R U B\' R B R2 U\' R\' F R F\''),
(3, 1, 'y R U\' R2 D\' r U\' r\' D R2 U R\''),
(4, 1, 'r U R\' U R\' r2 U\' R\' U R\' r2 U2 r\''),
(5, 1, 'R U B\' l U l\' R\' U\' R\' F R F\''),
(6, 2, 'F R U R\' U\' F\' f R U R\' U\' f\''),
(7, 2, 'F R U R\' U\' S R U R\' U\' f\''),
(8, 2, 'y r U r\' U2 R U2 R\' U2 r U\' r\''),
(9, 2, 'R\' U2 r U\' r\' U2 r U r\' U2 R'),
(10, 2, 'F R U r\' U\' R U R\' M\' U\' F\''),
(11, 3, 'y\' f R U R\' U\' f\' U\' F R U R\' U\' F\''),
(12, 3, 'r\' R2 U R\' U r U2 r\' U M\''),
(13, 3, 'r\' R U R\' F2 R U L\' U L M\''),
(14, 3, 'y F U R U\' R\' F\' U F R U R\' U\' F\''),
(15, 3, 'y2 r U2 R\' U\' R U\' r\' U r\' U\' R U\' R\' U2 r'),
(16, 4, 'y\' f R U R\' U\' f\' U F R U R\' U\' F\''),
(17, 4, 'M U\' r U2 r\' U\' R U\' R2 r'),
(18, 4, 'y F U R U\' R\' F\' U\' F R U R\' U\' F\''),
(19, 4, 'l L2 U\' L U\' l\' U2 l U\' M\''),
(20, 4, 'M U\' r U2 r\' U\' R U\' R\' M\''),
(21, 5, 'r\' U2 R U R\' U r'),
(22, 5, 'y2 l\' U2 L U L\' U l'),
(23, 5, 'y2 R\' F2 r U r\' F R'),
(24, 5, 'F R U R\' U\' F\' U\' F R U R\' U\' F\''),
(25, 5, 'L\' U\' L2 F\' L\' F2 U\' F\''),
(26, 6, 'r U2 R\' U\' R U\' r\''),
(27, 6, 'y\' x\' D R2 U\' R\' U R\' D\' x'),
(28, 6, 'y2 l U2 L\' U\' L U\' l\''),
(29, 6, 'y2 R U R2 F R F2 U F'),
(30, 7, 'r U R\' U R U2 r\''),
(31, 7, 'L\' U2 L U2 L F\' L\' F'),
(32, 7, 'F R\' F\' R U2 R U2 R\''),
(33, 7, 'y2 l U L\' U L U2 l\''),
(34, 7, 'r U r\' U R U\' R\' r U\' r\''),
(35, 8, 'y2 r\' U\' R U\' R\' U2 r'),
(36, 8, 'l\' U\' L U\' L\' U2 l'),
(37, 8, 'R U2 R\' U2 R\' F R F\''),
(38, 8, 'R\' F\' r U\' r\' F2 R'),
(39, 8, 'F\' L F L\' U2 L\' U2 L'),
(40, 9, 'y R U R\' U\' R\' F R2 U R\' U\' F\''),
(41, 9, 'y\' L\' U\' L U\' L F\' L\' F L\' U2 L'),
(42, 9, 'r\' R2 U2 R\' U\' R U\' R\' U\' M\''),
(43, 9, 'y2 R\' U\' R U\' R\' U R\' F R F\' U R'),
(44, 9, 'y R\' U\' R y r U\' r\' U r U r\''),
(45, 10, 'R U R\' U R\' F R F\' R U2 R\''),
(46, 10, 'y2 L\' U\' L U L F\' L2 U\' L U F'),
(47, 10, 'R U R\' y R\' F R U\' R\' F\' R'),
(48, 10, 'R U R\' y\' r\' U r U\' r\' U\' r'),
(49, 10, 'M U R\' U2 R U R\' U R U M\''),
(50, 11, 'r\' R2 U R\' U R U2 R\' U M\''),
(51, 11, 'M R U R\' U R U2 R\' U M\''),
(52, 11, 'y2 r U R\' U R\' F R F\' R U2 r\''),
(53, 11, 'y F\' L\' U\' L U F U F R U R\' U\' F\''),
(54, 11, 'y F\' L\' U\' L U F U\' F\' L\' U\' L U F'),
(55, 12, 'F R U R\' U\' F\' U F R U R\' U\' F\''),
(56, 12, 'y\' M\' R\' U\' R U\' R\' U2 R U\' M'),
(57, 12, 'y\' r R2 U\' R U\' R\' U2 R U\' R r\''),
(58, 12, 'y M U2 R\' U\' R U\' R\' U2 R U M\''),
(59, 12, 'y l L2 U\' L U\' L\' U2 L U\' M\''),
(60, 13, 'r U\' r\' U\' r U r\' F\' U F'),
(61, 13, 'F U R U2 R\' U\' R U R\' F\''),
(62, 13, 'F U R U\' R2 F\' R U R U\' R\''),
(63, 13, 'r U\' r\' U\' r U r\' y\' R\' U R'),
(64, 13, 'r U\' r\' U\' r U r\' y L\' U L'),
(65, 14, 'R\' F R U R\' F\' R F U\' F\''),
(66, 14, 'R\' F R U R\' F\' R y\' R U\' R\''),
(67, 14, 'r\' U r U r\' U\' r y R U\' R\''),
(68, 14, 'l\' U l U l\' U\' l y\' R U\' R\''),
(69, 14, 'l\' U l U l\' U\' l F U\' F\''),
(70, 15, 'y2 l\' U\' l L\' U\' L U l\' U l'),
(71, 15, 'r\' U\' r R\' U\' R U r\' U r'),
(72, 15, 'r\' U\' M\' U\' R U r\' U r'),
(73, 15, 'y2 R\' F\' R L\' U\' L U R\' F R'),
(74, 15, 'y\' R\' U2 R U R\' F U R U\' R\' F\' R'),
(75, 16, 'r U r\' R U R\' U\' r U\' r\''),
(76, 16, 'r U M U R\' U\' r U\' r\''),
(77, 16, 'y2 l U l\' L U L\' U\' l U\' l\''),
(78, 16, 'y2 R\' F R U R\' U\' F\' R U\' R\' U2 R'),
(79, 16, 'L F L\' R U R\' U\' L F\' L\''),
(80, 17, 'R U R\' U R\' F R F\' U2 R\' F R F\''),
(81, 17, 'y2 F R\' F\' R2 r\' U R U\' R\' U\' M\''),
(82, 17, 'f R U R\' U\' f\' U\' R U R\' U\' R\' F R F\''),
(83, 17, 'y\' F\' r U r\' U\' S r\' F r S\''),
(84, 17, 'R\' F R U\' M\' U2 r\' U\' F\' U R'),
(85, 18, 'r U R\' U R U2 r2 U\' R U\' R\' U2 r'),
(86, 18, 'y R U2 R2 F R F\' U2 M\' U R U\' r\''),
(87, 18, 'y2 F R U R\' d R\' U2 R\' F R F\''),
(88, 18, 'y2 F R U R\' U y\' R\' U2 R\' F R F\''),
(89, 18, 'F R\' F\' R U2 F R\' F\' R U\' R U\' R\''),
(90, 19, 'M U R U R\' U\' M\' R\' F R F\''),
(91, 19, 'r\' R U R U R\' U\' r R2 F R F\''),
(92, 19, 'r\' U2 R U R\' U r2 U2 R\' U\' R U\' r\''),
(93, 19, 'R\' U2 F R U R\' U\' F2 U2 F R'),
(94, 19, 'F R U R\' U\' F\' R U2 R2 F R F\' R U2 R\''),
(95, 20, 'M U R U R\' U\' M2 U R U\' r\''),
(96, 20, 'r U R\' U\' M2 U R U\' R\' U\' M\''),
(97, 20, 'M\' U M\' U M\' U M\' U\' M\' U M\' U M\' U M\''),
(98, 20, 'M\' U2 M U2 M\' U M U2 M\' U2 M'),
(99, 20, 'r\' R U R U R\' U\' r2 R2 U R U\' r\''),
(100, 21, 'y R U2 R\' U\' R U R\' U\' R U\' R\''),
(101, 21, 'y F R U R\' U\' R U R\' U\' R U R\' U\' F\''),
(102, 21, 'R U R\' U R U\' R\' U R U2 R\''),
(103, 21, 'R\' U\' R U\' R\' U R U\' R\' U2 R'),
(104, 21, 'F R U\' R\' U R U2 R\' U\' R U R\' U\' F\''),
(105, 22, 'R U2 R2 U\' R2 U\' R2 U2 R'),
(106, 22, 'f R U R\' U\' f\' F R U R\' U\' F\''),
(107, 22, 'R\' U2 R2 U R2 U R2 U2 R\''),
(108, 22, 'R U2 R2 U\' R2 U\' R2 U2 R'),
(109, 22, 'f R U R\' U\' S\' R U R\' U\' F\''),
(110, 23, 'R2 D R\' U2 R D\' R\' U2 R\''),
(111, 23, 'y2 R2 D\' R U2 R\' D R U2 R'),
(112, 23, 'y R U R\' U\' R U\' R\' U2 R U\' R\' U2 R U R\''),
(113, 23, 'R U R\' U R U2 R2 U\' R U\' R\' U2 R'),
(114, 23, 'y2 R\' U2 R F U\' R\' U\' R U F\''),
(115, 24, 'r U R\' U\' r\' F R F\''),
(116, 24, 'y2 l\' U\' L U R U\' r\' F'),
(117, 24, 'y\' x\' R U R\' D R U\' R\' D\' x'),
(118, 24, 'L F R\' F\' L\' F R F\''),
(119, 24, 'r U R\' U\' L\' U R U\' x\''),
(120, 25, 'y F\' r U R\' U\' r\' F R'),
(121, 25, 'R\' F R B\' R\' F\' R B'),
(122, 25, 'F R\' F\' r U R U\' r\''),
(123, 25, 'y\' x\' R U\' R\' D R U R\' D\' x'),
(124, 25, 'y2 R U2 R\' U\' R U R\' U\' R U R\' U\' R U\' R\''),
(125, 26, 'y R U2 R\' U\' R U\' R\''),
(126, 26, 'R\' U\' R U\' R\' U2 R'),
(127, 26, 'y2 L\' U\' L U\' L\' U2 L'),
(128, 26, 'y2 L\' U R U\' L U R\''),
(129, 26, 'R\' U L U\' R U L\''),
(130, 27, 'R U R\' U R U2 R\''),
(131, 27, 'y\' R\' U2 R U R\' U R'),
(132, 27, 'y L\' U2 L U L\' U L'),
(133, 27, 'R U\' L\' U R\' U\' L'),
(134, 27, 'y2 L U L\' U L U2 L\''),
(135, 28, 'r U R\' U\' M U R U\' R\''),
(136, 28, 'y2 M\' U M U2 M\' U M'),
(137, 28, 'y\' M\' U\' M U2 M\' U\' M'),
(138, 28, 'M U M\' U2 M U M\''),
(139, 28, 'r U R\' U\' r\' R U R U\' R\''),
(140, 29, 'M U R U R\' U\' R\' F R F\' M\''),
(141, 29, 'r2 D\' r U r\' D r2 U\' r\' U\' r'),
(142, 29, 'y R U R\' U\' R U\' R\' F\' U\' F R U R\''),
(143, 29, 'y2 R\' F R F\' R U2 R\' U\' F\' U\' F'),
(144, 29, 'y F R U R\' U\' F\' U2 R U R\' U\' R\' F R F\''),
(145, 30, 'y\' r\' D\' r U\' r\' D r2 U\' r\' U r U r\''),
(146, 30, 'y2 F U R U2 R\' U\' R U2 R\' U\' F\''),
(147, 30, 'y2 F R\' F R2 U\' R\' U\' R U R\' F2'),
(148, 30, 'M U\' L\' U\' L U L F\' L\' F M\''),
(149, 30, 'R2 U R\' B\' R U\' R2 U R B R\''),
(150, 31, 'R\' U\' F U R U\' R\' F\' R'),
(151, 31, 'y2 S\' L\' U\' L U L F\' L\' f'),
(152, 31, 'y\' F R\' F\' R U R U R\' U\' R U\' R\''),
(153, 31, 'y S R U R\' U\' f\' U\' F'),
(154, 31, 'y2 r\' F\' U F r U\' r\' U\' r'),
(155, 32, 'S R U R\' U\' R\' F R f\''),
(156, 32, 'R U B\' U\' R\' U R B R\''),
(157, 32, 'y2 L U F\' U\' L\' U L F L\''),
(158, 32, 'y\' F\' L F L\' U\' L\' U\' L U L\' U L'),
(159, 32, 'R d L\' d\' R\' U l U l\''),
(160, 33, 'R U R\' U\' R\' F R F\''),
(161, 33, 'F R U\' R\' U R U R\' F\''),
(162, 33, 'y2 L\' U\' L U L F\' L\' F'),
(163, 33, 'y\' r\' U\' r\' D\' r U r\' D r2'),
(164, 33, 'R U R\' F2 L F L\' U\' F'),
(165, 34, 'y2 R U R\' U\' B\' R\' F R F\' B'),
(166, 34, 'y2 R U R2 U\' R\' F R U R U\' F\''),
(167, 34, 'F R U R\' U\' R\' F\' r U R U\' r\''),
(168, 34, 'y2 R U R\' U\' x D\' R\' U R U\' D x\''),
(169, 34, 'y2 R U R\' U\' y\' r\' U\' R U M\''),
(170, 35, 'R U2 R2 F R F\' R U2 R\''),
(171, 35, 'f R U R\' U\' f\' R U R\' U R U2 R\''),
(172, 35, 'y\' R\' U2 R l U\' R\' U l\' U2 R'),
(173, 35, 'y\' R U2 R\' U\' R U\' R\' U2 F R U R\' U\' F\''),
(174, 35, 'R U2 R\' U\' y\' r\' U r U\' r\' U\' r'),
(175, 36, 'y2 L\' U\' L U\' L\' U L U L F\' L\' F'),
(176, 36, 'R\' U\' R U\' R\' U R U l U\' R\' U x'),
(177, 36, 'y2 R U R\' F\' R U R\' U\' R\' F R U\' R\' F R F\''),
(178, 36, 'R\' U\' R U\' R\' U R U R y R\' F\' R'),
(179, 36, 'R\' U\' R U\' R\' U R U R B\' R\' B'),
(180, 37, 'F R U\' R\' U\' R U R\' F\''),
(181, 37, 'F R\' F\' R U R U\' R\''),
(182, 37, 'R\' F R F\' U\' F\' U F'),
(183, 37, 'y\' R U2 R\' F R\' F\' R2 U2 R\''),
(184, 37, 'y\' R U R\' F\' U F R U\' R\''),
(185, 38, 'R U R\' U R U\' R\' U\' R\' F R F\''),
(186, 38, 'R\' U2 r\' D\' r U2 r\' D R r'),
(187, 38, 'r U R\' U R U\' R\' U\' r\' F R F\''),
(188, 38, 'L\' U\' L F L\' U\' L U L F\' L\' U L F\' L\' F'),
(189, 38, 'y2 R U R\' U R U2 R\' U F R U R\' U\' F\''),
(190, 39, 'y L F\' L\' U\' L U F U\' L\''),
(191, 39, 'y\' R U R\' F\' U\' F U R U2 R\''),
(192, 39, 'y\' R B\' R\' U\' R U B U\' R\''),
(193, 39, 'R\' r\' D\' r U\' r\' D r U R'),
(194, 39, 'y\' f\' L F L\' U\' L\' U L S'),
(195, 40, 'y R\' F R U R\' U\' F\' U R'),
(196, 40, 'y\' f R\' F\' R U R U\' R\' S\''),
(197, 40, 'R r D r\' U r D\' r\' U\' R\''),
(198, 40, 'y\' F R U R\' U\' F\' R U R\' U R U2 R\''),
(199, 40, 'y R U R\' F\' U\' F R U R\' U\' R U\' R\''),
(200, 41, 'y2 R U R\' U R U2 R\' F R U R\' U\' F\''),
(201, 41, 'y\' L F\' L\' F L F\' L\' F L\' U\' L U L\' U\' L'),
(202, 41, 'R U\' R\' U2 R U y R U\' R\' U\' F\''),
(203, 41, 'f R U R\' U\' f\' U\' R U R\' U R U2 R\''),
(204, 41, 'y R U2 R\' U\' R U\' R\' U\' F R U R\' U\' F\''),
(205, 42, 'R\' U\' R U\' R\' U2 R F R U R\' U\' F\''),
(206, 42, 'y R\' F R F\' R\' F R F\' R U R\' U\' R U R\''),
(207, 42, 'M U F R U R\' U\' F\' M\''),
(208, 42, 'L\' U L U2 L\' U\' y\' L\' U L U F'),
(209, 42, 'y2 L\' U\' L U\' L\' U2 L F\' L\' U\' L U F'),
(210, 43, 'f\' L\' U\' L U f'),
(211, 43, 'y2 F\' U\' L\' U L F'),
(212, 43, 'y R\' U\' F\' U F R'),
(213, 43, 'B\' U\' R\' U R B'),
(214, 43, 'y2 R\' U\' F R\' F\' R U R'),
(215, 44, 'f R U R\' U\' f\''),
(216, 44, 'y2 F U R U\' R\' F\''),
(217, 44, 'y2 r U x\' R U\' R\' U x U\' r\''),
(218, 44, 'R U2 R2 F R F\' U\' R U\' R\''),
(219, 44, 'y\' F R U\' R\' F\' L\' U L'),
(220, 45, 'F R U R\' U\' F\''),
(221, 45, 'y2 f U R U\' R\' f\''),
(222, 45, 'y2 F\' L\' U\' L U F'),
(223, 45, 'F R2 D R\' U R D\' R2 U\' F\''),
(224, 45, 'y R\' F\' U\' F U R'),
(225, 46, 'R\' U\' R\' F R F\' U R'),
(226, 46, 'y F R U R\' y\' R\' U R U2 R\''),
(227, 46, 'y2 r\' F\' L\' U L U\' F r'),
(228, 46, 'y F R U R\' F\' d R U2 R\''),
(229, 46, 'y\' F R U R2 U\' R F\' U\' R\' U2 R'),
(230, 47, 'F\' L\' U\' L U L\' U\' L U F'),
(231, 47, 'R\' U\' R\' F R F\' R\' F R F\' U R'),
(232, 47, 'R\' U\' l\' U R U\' R\' U R U\' x\' U R'),
(233, 47, 'y2 B\' R\' U\' R U R\' U\' R U B'),
(234, 47, 'y\' F U R U\' R\' F\' R U R\' U R U2 R\''),
(235, 48, 'F R U R\' U\' R U R\' U\' F\''),
(236, 48, 'y2 f U R U\' R\' U R U\' R\' f\''),
(237, 48, 'R U2 R\' U\' R U R\' U2 R\' F R F\''),
(238, 49, 'y2 r U\' r2 U r2 U r2 U\' r'),
(239, 49, 'l U\' l2 U l2 U l2 U\' l'),
(240, 49, 'R B\' R2 F R2 B R2 F\' R'),
(241, 49, 'y2 R\' F R\' F\' R2 U2 B\' R B R\''),
(242, 49, 'y\' R\' U2 R U R\' U R F R U R\' U\' F\''),
(243, 50, 'r\' U r2 U\' r2 U\' r2 U r\''),
(244, 50, 'y2 R\' F R2 B\' R2 F\' R2 B R\''),
(245, 50, 'y\' R U2 R\' U\' R U\' R\' F R U R\' U\' F\''),
(246, 50, 'y2 l\' U l2 U\' l2 U\' l2 U l\''),
(247, 50, 'y2 L F\' L F L2 U2 y\' L F\' L\' F'),
(248, 51, 'f R U R\' U\' R U R\' U\' f\''),
(249, 51, 'y2 F U R U\' R\' U R U\' R\' F\''),
(250, 51, 'y\' R\' U\' R\' F R F\' R U\' R\' U2 R'),
(251, 51, 'y2 f\' L\' U\' L U L\' U\' L U f'),
(252, 52, 'R U R\' U R d\' R U\' R\' F\''),
(253, 52, 'R\' U\' R U\' R\' U F\' U F R'),
(254, 52, 'R\' U\' R U\' R\' d R\' U R B'),
(255, 52, 'R U R\' U R U\' y R U\' R\' F\''),
(256, 52, 'y2 R\' F\' U\' F U\' R U R\' U R'),
(257, 53, 'r\' U\' R U\' R\' U R U\' R\' U2 r'),
(258, 53, 'y2 l\' U\' L U\' L\' U L U\' L\' U2 l'),
(259, 53, 'y r\' U2 R U R\' U\' R U R\' U r'),
(260, 53, 'y\' l\' U2 L U L\' U\' L U L\' U l'),
(261, 53, 'y2 F R U R\' U\' F\' R U R\' U\' R\' F R F\''),
(262, 54, 'r U R\' U R U\' R\' U R U2 r\''),
(263, 54, 'y\' r U2 R\' U\' R U R\' U\' R U\' r\''),
(264, 54, 'y\' r U r\' R U R\' U\' R U R\' U\' r U\' r\''),
(265, 54, 'F\' L\' U\' L U L\' U L U\' L\' U\' L F'),
(266, 54, 'l U L\' U L U\' L\' U L U2 l\''),
(267, 55, 'R U2 R2 U\' R U\' R\' U2 F R F\''),
(268, 55, 'y R\' F R U R U\' R2 F\' R2 U\' R\' U R U R\''),
(269, 55, 'r U2 R2 F R F\' U2 r\' F R F\''),
(270, 55, 'y r U2 R\' U\' R2 r\' U R\' U\' r U\' r\''),
(271, 55, 'R\' U2 R2 U R\' U R U2 x\' U\' R\' U x'),
(272, 56, 'r U r\' U R U\' R\' U R U\' R\' r U\' r\''),
(273, 56, 'F R U R\' U\' R F\' r U R\' U\' r\''),
(274, 56, 'r\' U\' r U\' R\' U R U\' R\' U R r\' U r'),
(275, 56, 'y f R U R\' U\' f\' F R U R\' U\' R U R\' U\' F\''),
(276, 56, 'r U r\' U R U\' R\' U R U\' M\' U\' r\''),
(277, 57, 'R U R\' U\' M\' U R U\' r\''),
(278, 57, 'M\' U M\' U M\' U2 M U M U M'),
(279, 57, 'R U R\' U\' r R\' U R U\' r\''),
(280, 57, 'M\' U M\' U M\' U M\' U2 M\' U M\' U M\' U M\''),
(281, 57, 'M\' U\' M\' U\' M\' U\' M\' U2 M\' U\' M\' U\' M\' U\' M\''),
(282, 58, 'l\' U R\' D2 R U\' R\' D2 R2'),
(283, 58, 'x R\' U R\' D2 R U\' R\' D2 R2'),
(284, 58, 'R\' F R\' B2 R F\' R\' B2 R2'),
(285, 58, 'y x\' R2 D2 R\' U\' R D2 R\' U R\' x'),
(286, 58, 'x\' R\' D R\' U2 R D\' R\' U2 R2'),
(287, 59, 'l\' R\' D2 R U R\' D2 R U\' R x\''),
(288, 59, 'x R2 D2 R U R\' D2 R U\' R x\''),
(289, 59, 'y x\' R U\' R D2 R\' U R D2 R2 x'),
(290, 59, 'y l U\' R D2 R\' U R D2 R2'),
(291, 59, 'y\' x L U\' L D2 L\' U L D2 L2'),
(292, 60, 'y x\' R U\' R\' D R U R\' D\' R U R\' D R U\' R\' D\' x'),
(293, 60, 'R2 U R\' U\' y R U R\' U\' R U R\' U\' R U R\' y\' R U\' R2'),
(294, 60, 'z U2 R2 F R U R\' U\' R U R\' U\' R U R\' U\' F\' R2 U2 z\''),
(295, 60, 'y x\' R U\' R\' D R U R\' u2 R\' U R D R\' U\' R x'),
(296, 60, 'y R\' U\' R\' D\' R U\' R\' D R U R\' D\' R U R\' D R2'),
(297, 61, 'y R\' U\' F\' R U R\' U\' R\' F R2 U\' R\' U\' R U R\' U R'),
(298, 61, 'y2 R\' U2 R\' d\' R\' F\' R2 U\' R\' U R\' F R U\' F'),
(299, 61, 'R\' U R U\' R2 F\' U\' F U R F R\' F\' R2'),
(300, 61, 'M\' U2 L F\' R U2 r\' U r\' R2 U2 R2'),
(301, 61, 'R\' U R U\' R2 y\' R\' U\' R U y x R U R\' U\' R2 x\''),
(302, 62, 'R2 u R\' U R\' U\' R u\' R2 y\' R\' U R'),
(303, 62, 'R2 U R\' U R\' U\' R U\' R2 D U\' R\' U R D\''),
(304, 62, 'R2 u R\' U R\' U\' R u\' R2 F\' U F'),
(305, 62, 'D\' R2 U R\' U R\' U\' R U\' R2 U\' D R\' U R'),
(306, 62, 'R2 u R\' U R\' U\' R u\' R2 y L\' U L'),
(307, 63, 'R\' U\' R y R2 u R\' U R U\' R u\' R2'),
(308, 63, 'R\' U\' R U D\' R2 U R\' U R U\' R U\' R2 D'),
(309, 63, 'y F\' U\' F R2 u R\' U R U\' R u\' R2'),
(310, 63, 'R\' d\' F R2 u R\' U R U\' R u\' R2'),
(311, 63, 'D R\' U\' R U D\' R2 U R\' U R U\' R U\' R2'),
(312, 64, 'R2 u\' R U\' R U R\' u R2 y R U\' R\''),
(313, 64, 'y2 R2 F2 R U2 R U2 R\' F R U R\' U\' R\' F R2'),
(314, 64, 'R2 U\' R U\' R U R\' U R2 D\' U R U\' R\' D'),
(315, 64, 'R2 u\' R U\' R U R\' u R2 f R\' f\''),
(316, 64, 'y2 L2 u\' L U\' L U L\' u L2 y L U\' L\''),
(317, 65, 'R U R\' y\' R2 u\' R U\' R\' U R\' u R2'),
(318, 65, 'R U R\' U\' D R2 U\' R U\' R\' U R\' U R2 D\''),
(319, 65, 'D\' R U R\' U\' D R2 U\' R U\' R\' U R\' U R2'),
(320, 65, 'f R f\' R2 u\' R U\' R\' U R\' u R2'),
(321, 65, 'y2 L U L\' B2 D\' R U\' R\' U R\' u R2'),
(322, 66, 'M2 U M2 U2 M2 U M2'),
(323, 66, 'M2 U\' M2 U2 M2 U\' M2'),
(324, 66, 'R2 U2 R U2 R2 U2 R2 U2 R U2 R2'),
(325, 66, 'M2 U\' M2 U2 M2 U\' M2'),
(326, 66, 'R2 U2 R\' U2 R2 U2 R2 U2 R\' U2 R2'),
(327, 67, 'y R\' U L\' U2 R U\' R\' U2 R L'),
(328, 67, 'L\' U\' L F L\' U\' L U L F\' L2 U L'),
(329, 67, 'y2 R\' U2 R U R\' U2 L U\' R U L\''),
(330, 67, 'y2 x R2 F R F\' R U2 r\' U r U2 x\''),
(331, 67, 'L\' U2 L U L\' U2 R U\' L U R\''),
(332, 68, 'R U R\' F\' R U R\' U\' R\' F R2 U\' R\''),
(333, 68, 'R U2 R\' U\' R U2 L\' U R\' U\' r x'),
(334, 68, 'R U2 R\' U\' R U2 L\' U R\' U\' L'),
(335, 68, 'L\' U R U\' L U2 R\' U R U2 R\''),
(336, 68, 'y\' L U\' R U2 L\' U L U2 R\' L\''),
(337, 69, 'R U R\' U R U R\' F\' R U R\' U\' R\' F R2 U\' R\' U2 R U\' R\''),
(338, 69, 'L U\' R U2 L\' U R\' L U\' R U2 L\' U R\''),
(339, 69, 'z U R\' D R2 U\' R D\' U R\' D R2 U\' R D\' z\''),
(340, 69, 'r\' D r U2 r\' D r U2 r\' D r U2 r\' D r U2 r\' D r'),
(341, 69, 'R U\' L U2 R\' U L\' R U\' L U2 R\' U L\''),
(342, 70, 'R\' U L\' U2 R U\' L R\' U L\' U2 R U\' L'),
(343, 70, 'R\' U R U\' R\' F\' U\' F R U R\' F R\' F\' R U\' R'),
(344, 70, 'z D\' R U\' R2 D R\' U D\' R U\' R2 D R\' U z\''),
(345, 70, 'z U\' R D\' R2 U R\' D U\' R D\' R2 U R\' D z\''),
(346, 70, 'r D r\' U2 r D r\' U2 r D r\' U2 r D r\' U2 r D r\''),
(347, 71, 'y R U R\' F\' R U2 R\' U2 R\' F R U R U2 R\''),
(348, 71, 'L U2 L\' U2 L F\' L\' U\' L U L F L2'),
(349, 71, 'y R U\' R\' U\' R U R D R\' U\' R D\' R\' U2 R\''),
(350, 71, 'y2 R U2 R\' U2 R B\' R\' U\' R U R B R2'),
(351, 71, 'y2 R U2 R\' U\' R\' F\' R U2 R U2 R\' F R U\' R\''),
(352, 72, 'R\' U2 R U2 R\' F R U R\' U\' R\' F\' R2'),
(353, 72, 'R\' U2 R\' D\' R U\' R\' D R U R U\' R\' U\' R'),
(354, 72, 'y R2 F R U R U\' R\' F\' R U2 R\' U2 R'),
(355, 72, 'y\' R U2 R\' U2 R\' F R2 U\' R\' U\' R U R\' F\' R U R\' U R U2 R\''),
(356, 72, 'y2 r\' F2 r F R U\' R\' U\' F\' U\' r U\' r\' F'),
(357, 73, 'R U R\' U\' R\' F R2 U\' R\' U\' R U R\' F\''),
(358, 73, 'R U R\' U\' R\' F R2 U\' R\' U F\' L\' U L'),
(359, 73, 'R2 U R2 U\' R2 U\' D R2 U\' R2 U R2 D\''),
(360, 73, 'y2 L\' U\' L U L F\' L2 U L U L\' U\' L F'),
(361, 73, 'y F2 D R2 U\' R2 F2 D\' L2 U L2 U\''),
(362, 74, 'y2 R U\' R U R U R U\' R\' U\' R2'),
(363, 74, 'R2 U\' R\' U\' R U R U R U\' R'),
(364, 74, 'y2 M2 U M U2 M\' U M2'),
(365, 74, 'M2 U M\' U2 M U M2'),
(366, 74, 'R U R\' U R\' U\' R2 U\' R\' U R\' U R'),
(367, 75, 'y2 R2 U R U R\' U\' R\' U\' R\' U R\''),
(368, 75, 'R\' U R\' U\' R\' U\' R\' U R U R2'),
(369, 75, 'y2 M2 U\' M U2 M\' U\' M2'),
(370, 75, 'M2 U\' M\' U2 M U\' M2'),
(371, 75, 'y2 L\' U L\' U\' L\' U\' L\' U L U L2'),
(372, 76, 'R\' U R\' d\' R\' F\' R2 U\' R\' U R\' F R F'),
(373, 76, 'R\' U R\' U\' y R\' F\' R2 U\' R\' U R\' F R F'),
(374, 76, 'z D\' R2 D R2 U R\' D\' R U\' R U R\' D R U\''),
(375, 76, 'R U2 R\' D R U\' R U\' R U R2 D R\' U\' R D2'),
(376, 76, 'R\' U2 R U2 L U\' R\' U L\' U L U\' R U L\''),
(377, 77, 'F R U\' R\' U\' R U R\' F\' R U R\' U\' R\' F R F\''),
(378, 77, 'F R\' F R2 U\' R\' U\' R U R\' F\' R U R\' U\' F\''),
(379, 77, 'R2 U\' R2 U\' R2 U R\' F\' R U R2 U\' R\' F R'),
(380, 77, 'R2 U\' R2 U\' R2 U y\' R U R\' B2 R U\' R\''),
(381, 77, 'y2 R\' U2 R\' F\' R2 U\' R\' F\' U\' F R U R\' F U2 R'),
(382, 78, 'M2 U M2 U M\' U2 M2 U2 M\''),
(383, 78, 'y M2 U\' M2 U\' M\' U2 M2 U2 M\''),
(384, 78, 'M\' U\' M2 U\' M2 U\' M\' U2 M2'),
(385, 78, 'R\' U\' R2 U R U R\' U\' R U R U\' R U\' R\''),
(386, 78, 'y R\' U\' R U\' R U R U\' R\' U R U R2 U\' R\''),
(387, 79, 'U R U2 R\' U\' R U\' R\''),
(388, 79, 'R\' U\' R U\' R\' U2 R'),
(389, 79, 'U2 L\' U\' L U\' L\' U2 L'),
(390, 79, 'U r U2 R\' U\' R U\' r\''),
(391, 79, 'U\' L U2 L\' U\' L U\' L\''),
(392, 80, 'U2 R2 D R\' U R D\' R\' U R\' U\' R U\' R\''),
(393, 80, 'U2 l\' U R U\' L2 U2 R\' U R U2 L2 x\''),
(394, 80, 'U R\' U\' R U\' R\' U R\' D\' R U R\' D R2'),
(395, 80, 'U R U2 R2 F2 R F\' R\' F2 R2 U2 R\''),
(396, 80, 'U2 L\' U\' L U L F\' L\' F L\' U\' L U\' L\' U2 L'),
(397, 81, 'U2 F\' r U r\' U2 r\' F2 r'),
(398, 81, 'U2 F\' L F L\' U2 L\' U2 L'),
(399, 81, 'U\' x\' F U\' R U L\' U2 R\' U2 R'),
(400, 81, 'U F R U\' R\' U R U2 R\' U\' F\''),
(401, 81, 'x\' U\' R U l\' U2 R\' U2 R'),
(402, 82, 'U2 R U2 R\' U2 R\' F R F\''),
(403, 82, 'U2 R U2 r\' U2 R\' F R F\' M\''),
(404, 82, 'U2 r U2 r\' U2 R\' F R F\''),
(405, 82, 'U2 R U2 R\' U2 r\' F R F\' M\''),
(406, 82, 'L U2 L\' U2 r\' U L U\' x'),
(407, 83, 'U2 L\' U R U\' L U R\''),
(408, 83, 'R\' U L U\' R U L\''),
(409, 83, 'U2 R\' F R F\' r U r\''),
(410, 83, 'U2 r\' F R F\' r U R\''),
(411, 84, 'R U R\' F\' R U2 R\' U\' R U\' R\' F R U\' R\''),
(412, 84, 'U\' R\' U\' R U\' R\' U R\' F R F\' U R'),
(413, 84, 'L\' U\' L U\' L F\' L\' F L\' U2 L'),
(414, 84, 'R U2 R\' F R\' F\' R U\' R U\' R\''),
(415, 84, 'U2 R\' U\' R U\' L U\' R\' U L\' U2 R'),
(416, 85, 'R U2 R\' U\' R U R\' U\' R U\' R\' '),
(417, 85, 'U\' R U R\' U R U\' R\' U R U2 R\''),
(418, 85, 'r U\' r\' U\' r U r\' U r U r\''),
(419, 85, 'R\' F R U R\' F R U\' R\' F\' R'),
(420, 85, 'U\' R\' U\' R U\' R\' U R U\' R\' U2 R'),
(421, 86, 'U\' R U R\' U R U L\' U R\' U\' L'),
(422, 86, 'U2 r U\' r2 D\' r U\' r\' D r2 U r\''),
(423, 86, 'U\' R\' F\' R U2 R U2 R\' F U\' R U\' R\''),
(424, 86, 'U\' R U R\' U R U r\' F R\' F\' r'),
(425, 86, 'r U\' r\' F U2 r2 F r U\' r'),
(426, 87, 'U R U2 R2 F R F\' U2 R\' F R F\''),
(427, 87, 'U R U2 R2 U\' R U\' R\' U2 F R F\''),
(428, 87, 'U2 R\' F\' R U2 R\' F2 R U\' F U F\''),
(429, 87, 'R\' F2 D R2 U R2 D\' F2 R'),
(430, 87, 'U F R U\' R\' U R U2 R\' U\' R U R\' U\' F\''),
(431, 88, 'F R U R\' U\' R U R\' U\' R U R\' U\' F\''),
(432, 88, 'y\' x\' U\' R U\' R\' U2 R\' F r U\' R U2 r\' x'),
(433, 88, 'R\' F R U2 R\' F\' R U F R U R\' U F\''),
(434, 88, 'F U R U\' R\' U R U\' R\' U R U\' R\' F\''),
(435, 88, 'F\' U\' L\' U L U\' L\' U L U\' L\' U L F'),
(436, 89, 'U\' R U2 R\' U\' R U R\' U\' R U R\' U\' R U\' R\''),
(437, 89, 'U R U2 R\' U\' R U\' R\' U2 R U R\' U R U2 R\''),
(438, 89, 'F\' R D2 R\' F U2 F\' R D2 R\' F'),
(439, 89, 'U2 R\' U\' R U\' R\' U R U\' R\' U R U\' R\' U2 R'),
(440, 89, 'U R U R\' U R U2 R\' U R\' U\' R U\' R\' U2 R'),
(441, 90, 'R\' U2 R\' D\' R U2 R\' D R2'),
(442, 90, 'U2 F U2 F\' U\' R\' F\' R U\' R\' F\' R'),
(443, 90, 'U2 R\' F2 R\' U\' R F2 R\' U R2'),
(444, 90, 'U2 L\' U2 L\' D\' L U2 L\' D L2'),
(445, 91, 'U R U2 R D R\' U2 R D\' R2'),
(446, 91, 'R\' F\' R U R\' U\' R\' F R2 U\' R\' U2 R'),
(447, 91, 'U R\' U\' R U2 L\' U R\' U\' L U\' R'),
(448, 91, 'U\' l U R\' D R U2 R\' D\' R U l\''),
(449, 92, 'U F R\' F\' R U R U\' R\''),
(450, 92, 'l U\' R\' D R U R\' D\' x'),
(451, 92, 'U2 R2 D R\' U R D\' R\' U\' R\''),
(452, 92, 'U\' L\' U\' L\' U R U\' L U x\''),
(453, 92, 'U2 r U\' L\' D L U r\' B\''),
(454, 93, 'U F R U\' R\' U\' R U R\' F\''),
(455, 93, 'U l\' U R D\' R\' U\' l B'),
(456, 93, 'U2 F\' r U R\' U\' r\' F R'),
(457, 93, 'U\' R\' U r U f R\' f\''),
(458, 93, 'U\' x L\' D L U\' L\' D\' L U x\''),
(459, 94, 'U R U2 R2 F R F\' R U2 R\''),
(460, 94, 'U r U2 R2 F R F\' R U2 r\''),
(461, 94, 'U\' R\' U\' R U R\' F\' R U R\' U\' R\' F R2'),
(462, 94, 'U\' L\' U2 R U\' r\' U2 R l U\' R\''),
(463, 95, 'U R U R\' F\' R U R\' U\' R\' F R2 U\' R\''),
(464, 95, 'R\' U L\' U2 R U\' R\' U2 R2 x\''),
(465, 95, 'U R U R\' U\' R\' F R2 U\' R\' U\' R U R\' F\''),
(466, 95, 'R\' U L\' U2 R U\' R\' U2 R L'),
(467, 95, 'U R U2 R\' U\' R U2 L\' U R\' U\' L'),
(468, 96, 'F R U\' R\' U\' R U R\' F\' R U R\' U\' R\' F R F\''),
(469, 96, 'R\' U L\' U2 R U\' x\' U L\' U2 R U\' R x\''),
(470, 96, 'R2 D r\' U r D\' R2 U\' F\' U\' F'),
(471, 96, 'r\' U\' r\' D\' r U\' r\' D r U r\' D\' r U r\' D r2'),
(472, 96, 'R\' U R\' F2 r F\' U r\' F2 R F\' R'),
(473, 97, 'F R U R\' U\' R U R\' U\' F\''),
(474, 97, 'R U2 R2 U\' R2 U\' R2 U2 R'),
(475, 97, 'U2 F\' L\' U\' L U L\' U\' L U F'),
(476, 97, 'f R U R\' U\' R U R\' U\' f\''),
(477, 98, 'U F R\' F\' R U2 R U\' R\' U R U2 R\''),
(478, 98, 'l U R\' D R U\' R U\' R2 D\' R U l\''),
(479, 98, 'R\' U\' R U\' R\' U2 R U\' L\' U R U\' L U R\''),
(480, 98, 'U2 L\' U2 L U L\' U\' L U2 L F\' L\' F'),
(481, 98, 'U2 R U R\' F\' U\' R U R\' U\' R\' F R U\' R\' F R F\''),
(482, 99, 'U\' R\' F R U F U\' R U R\' U\' F\''),
(483, 99, 'R\' F2 D R2 U\' R2 D\' F2 R'),
(484, 99, 'U2 F U\' F\' U R\' F2 R U2 R\' F R'),
(485, 99, 'F R\' F\' U2 R U R\' U R2 U2 R\''),
(486, 99, 'U2 F R\' F\' R U2 F R\' F\' R2 U2 R\''),
(487, 100, 'R U2 R\' U\' R U R\' U2 R\' F R F\''),
(488, 100, 'R U2 R\' U2 R\' F R2 U R\' U\' F\''),
(489, 100, 'R U R\' U R U2 R\' U\' R U\' L\' U R\' U\' L'),
(490, 100, 'U F\' L F L\' U2 L\' U L U\' L\' U2 L'),
(491, 100, 'U F\' U\' L\' U L2 F L\' U2 L\' U2 L'),
(492, 101, 'U\' r U\' r2 D\' r U r\' D r2 U r\''),
(493, 101, 'U2 L\' U R U\' L U\' R\' U\' R U\' R\''),
(494, 101, 'U2 R\' F R F\' r U\' R\' U\' R U\' r\''),
(495, 101, 'U2 r\' F R F\' r U\' R\' U\' R U\' R\''),
(496, 101, 'R U\' L\' U R\' U L U L\' U L'),
(497, 102, 'U\' R\' U\' R\' F R F\' R U\' R\' U2 R'),
(498, 102, 'U2 R\' U\' R U\' R\' U F\' U F R'),
(499, 102, 'L\' U\' L U\' L\' U L F R U R\' F\''),
(500, 103, 'R U R\' U R U2 R\''),
(501, 103, 'r U R\' U R U2 r\''),
(502, 103, 'U L\' U2 L U L\' U L'),
(503, 103, 'U l\' U2 l U L\' U L'),
(504, 103, 'U2 L U L\' U L U2 L\''),
(505, 104, 'L\' U2 L U2 L F\' L\' F'),
(506, 104, 'r\' F2 r U2 r U\' r\' F'),
(507, 104, 'U2 R\' U2 R U2 R f\' U\' f'),
(508, 104, 'L\' U2 L U2 l F\' L\' F M\''),
(509, 104, 'R\' F2 R U2 r U\' r\' F'),
(510, 105, 'F R\' F\' R U2 R U2 R\''),
(511, 105, 'x U R\' U\' L U2 R U2 R\''),
(512, 105, 'F R\' F\' R U2 r U2 r\''),
(513, 106, 'U\' R U R\' U R U\' R D R\' U\' R D\' R2'),
(514, 106, 'R U R\' U\' R\' F R F\' R U R\' U R U2 R\''),
(515, 106, 'r U\' L\' U R2 U2 L U\' L\' U2 R2 x\''),
(516, 106, 'U2 R2 D\' R U\' R\' D R U\' R U R\' U R'),
(517, 106, 'U R\' U\' R U\' R2 F\' R U R U\' R\' F U2 R'),
(518, 107, 'R U\' L\' U R\' U\' L'),
(519, 107, 'L F\' L\' F l\' U\' l'),
(520, 108, 'U2 R U R\' U R\' F R F\' R U2 R\''),
(521, 108, 'U2 R U R\' U L\' U R U\' L U2 R\''),
(522, 108, 'U2 R U R\' F\' R U R\' U R U2 R\' F R U\' R\''),
(523, 108, 'R\' U2 l U\' R U l\' U R\' U R'),
(524, 108, 'R U\' L\' U R\' U L U L\' U2 R U\' L U R\''),
(525, 109, 'R U2 R\' U\' R U\' R2 U2 R U R\' U R'),
(526, 109, 'F R\' F R2 U\' R\' U\' R U R\' F2'),
(527, 109, 'r U2 R\' U\' R U\' r2 U2 R U R\' U r'),
(528, 109, 'U2 R\' U2 R2 B2 D B D\' B R2 U2 R'),
(529, 110, 'R\' U r U2 R2 F R F\' r'),
(530, 110, 'r\' U r U2 R2 F R F\' R'),
(531, 110, 'R\' U r U2 R2 F R F\' R'),
(532, 110, 'r\' U r\' U2 l U\' l\' U2 r2 B\''),
(533, 110, 'U2 R U\' r\' U2 x\' R2 U\' R\' U L\''),
(534, 111, 'U L\' U\' L U L F\' L\' F'),
(535, 111, 'U R\' F\' r U R U\' r\' F'),
(536, 111, 'U r\' F\' r U r U\' r\' F'),
(537, 111, 'U\' F R U\' R\' U R U R\' F\''),
(538, 111, 'U2 x\' R U R\' D R U\' R\' D\' x'),
(539, 112, 'r\' D\' r U r\' D r U\' r U r\''),
(540, 112, 'F R\' U\' R F\' R\' U F\' R'),
(541, 112, 'U R\' D R U\' R U R\' U R\' D\' R'),
(542, 112, 'U2 F R U R\' U\' R U\' R\' U\' R U R\' F\''),
(543, 112, 'U R U2 R\' F2 R U2 R\' U2 R\' F2 R'),
(544, 113, 'U\' R U R\' U\' R\' F R F\''),
(545, 113, 'R U R D R\' U\' R D\' R2'),
(546, 113, 'U\' r U R\' U\' L\' U l F\''),
(547, 114, 'U2 r2 D\' r U r\' D r2 U\' r\' U\' r'),
(548, 114, 'R\' U R2 D r\' U2 r D\' R2 U\' R '),
(549, 114, 'R2 U\' R F R\' U R2 U\' R\' F\' R'),
(550, 114, 'R U\' R\' U\' R U\' R\' F\' U\' F U2 R U R\''),
(551, 114, 'r2 D r\' U\' r D\' r2 U r U r\''),
(552, 115, 'R\' U\' R U\' R\' U2 R2 U R\' U R U2 R\''),
(553, 115, 'R2 F U\' F U F2 R2 U\' R\' F R'),
(554, 115, 'U\' F2 R U\' R\' U R U R2 F\' R F\''),
(555, 115, 'U2 R U R\' U R U2 R2 U\' R U\' R\' U2 R'),
(556, 115, 'r\' U\' R U\' R\' U2 R2 U R\' U R U2 r\''),
(557, 116, 'U\' F R2 D R\' U R D\' R2 U\' F\''),
(558, 116, 'U\' L U\' R\' U L\' U2 F\' U F R'),
(559, 116, 'R\' F R U\' R\' U\' R U R\' F\' R U R\' U\' R\' F R F\' R'),
(560, 116, 'U R\' U L U\' R U2 F U\' F\' L\''),
(561, 116, 'U R B U2 F U\' B\' U F\' U2 R\''),
(562, 117, 'U2 R2 D R\' U2 R D\' R\' U2 R\''),
(563, 117, 'r U\' r\' U\' r U\' r\' U\' F\' U2 F'),
(564, 117, 'L F\' L\' U\' L F\' L\' U\' F\' U2 F'),
(565, 118, 'U2 R\' F2 R U2 R U2 R\' F2 R U2 R\''),
(566, 118, 'y2 r U\' r\' U r\' D\' r U\' r\' D r'),
(567, 118, 'U2 R\' F U\' R F R\' U R F\''),
(568, 118, 'U\' R\' D R U\' R U\' R\' U R\' D\' R'),
(569, 118, 'U\' l U R\' D R U\' x U R\' U\' F\''),
(570, 119, 'R2 D\' R U2 R\' D R U2 R'),
(571, 119, 'R\' F R U R\' F R U F U2 F\''),
(572, 120, 'U\' F R U R\' U\' F\''),
(573, 120, 'U F U R U\' R\' F\''),
(574, 120, 'U2 R\' U\' F\' U F R'),
(575, 121, 'R\' F R F\''),
(576, 121, 'U2 R U2 R\''),
(577, 121, 'M\' U R U\' r\''),
(578, 121, 'y U2 R2 F R F\' R'),
(579, 121, 'y2 U L U\' L\''),
(580, 122, 'y U\' L\' U L'),
(581, 122, 'F R\' F\' R'),
(582, 122, 'y\' U\' R\' U R'),
(583, 122, 'r U R\' U\' M'),
(584, 122, 'd\' L\' U L'),
(585, 123, 'y L\' U\' L'),
(586, 123, 'F\' U\' F'),
(587, 123, 'y\' R\' U\' R'),
(588, 123, 'y\' R\' U R U R\' U R'),
(589, 123, 'U M R U\' R\' U M\''),
(590, 124, 'R U R\''),
(591, 124, 'y2 L U L\''),
(592, 124, 'y F U F\''),
(593, 125, 'U\' R U R\' U2 R U\' R\''),
(594, 125, 'U\' R U R\' U\' R U2 R\''),
(595, 125, 'U\' R U R\' U R\' F R F\''),
(596, 125, 'F2 L\' U\' L U F2'),
(597, 125, 'y\' U r\' U R U\' R\' U\' r'),
(598, 126, 'd R\' U\' R U2 R\' U R'),
(599, 126, 'y U L\' U\' L U2 L\' U L'),
(600, 126, ' U\' r U\' R\' U R U r\' '),
(601, 126, 'd R\' U\' R U R\' U2 R'),
(602, 126, 'U F\' U\' F U2 F\' U F'),
(603, 127, 'U\' R U2 R\' U2 R U\' R\' '),
(604, 127, 'U\' R U2 R\' U\' R U2 R\''),
(605, 127, 'U\' R U2 R\' U R\' F R F\''),
(606, 127, 'M\' U\' M U2 r U\' r\''),
(607, 127, 'y\' r U2 R2 U\' R2 U\' r\''),
(608, 128, 'd R\' U2 R U2 R\' U R'),
(609, 128, 'r\' U2 R2 U R2’ U r '),
(610, 128, 'y U L\' U2 L U2 L\' U L'),
(611, 128, 'd R\' U2 R U R\' U2 R'),
(612, 128, 'B\' R\' U\' R2 U R\' B'),
(613, 129, 'U\' R U\' R\' U F\' U\' F '),
(614, 129, 'U\' R U\' R\' d R\' U\' R'),
(615, 129, 'F R U R\' U\' F\' R U\' R\''),
(616, 129, 'y\' U R\' U\' R U\' R\' U\' R'),
(617, 129, 'd R\' U\' R U\' R\' U\' R'),
(618, 130, 'U\' R U R\' U R U R\' '),
(619, 130, 'U y\' R\' U R U\' y R U R\''),
(620, 130, 'U2 R U\' R\' U\' R U R\''),
(621, 130, 'd R\' U R d\' R U R\''),
(622, 130, 'R\' U R2 U R\''),
(623, 131, 'U\' R U2 R\' U F\' U\' F'),
(624, 131, 'U\' R U2 R\' d R\' U\' R'),
(625, 131, 'y\' R U2 R2 U\' R2 U\' R\''),
(626, 131, 'F R\' F\' R U\' R U\' R\' U R U\' R\''),
(627, 131, 'R U\' R\' U R U\' R2 F R F\' R U\' R\''),
(628, 132, 'R U\' R\' U R U\' R\' U2 R U\' R\''),
(629, 132, 'R\' U2 R2 U R2 U R '),
(630, 132, 'U F\' U2 F U\' R U R\''),
(631, 132, 'U R U\' R\' U\' R U R\' U\' R U R\''),
(632, 132, 'd R\' U2 R d\' R U R\''),
(633, 133, 'y\' U R\' U R U\' R\' U\' R'),
(634, 133, 'd R\' U R U\' R\' U\' R'),
(635, 133, 'y U L\' U L U\' L\' U\' L'),
(636, 133, 'U R U\' R\' U R U\' R\' U\' F\' U F'),
(637, 133, 'M\' U\' R U R\' U\' R U2 r\''),
(638, 134, 'U\' R U\' R\' U R U R\''),
(639, 134, 'y L\' U2 L U2 F U2 F\' U F U\' F\''),
(640, 134, 'R U\' R\' U R U2 R\' U2 R U\' R\''),
(641, 135, 'R U R\' U2 R U\' R\' U R U\' R\''),
(642, 135, 'y L\' U L U2 y\' R U R\''),
(643, 135, 'R U2 R\' U R U R\' U R U\' R\''),
(644, 135, 'F\' U F U2 R U R\''),
(645, 135, 'R\' D\' R U\' R\' D R U R U\' R\''),
(646, 136, 'R U\' R\' U2 F\' U\' F'),
(647, 136, 'R U\' R\' U2 y L\' U\' L'),
(648, 136, 'R U\' R\' U d R\' U\' R'),
(649, 136, 'U F R U R\' U\' F\' U R U\' R\''),
(650, 136, 'y F U\' R U\' R\' U2 F\''),
(651, 137, 'R U2 R\' U\' R U R\''),
(652, 137, 'y L F\' L\' F L\' U L U\' L\' U L'),
(653, 137, 'U\' R U\' R\' U2 R U2 R2 F R F\''),
(654, 138, 'y\' R\' U2 R U R\' U\' R'),
(655, 138, 'y L\' U2 L U L\' U\' L'),
(656, 138, 'R\' F R F\' R U\' R\' U R U\' R\''),
(657, 138, 'R U R\' U\' R U R\' U\' F R\' F\' R'),
(658, 138, 'U R U\' R2 F R F\' U R U\' R\''),
(659, 139, 'U R U2 R\' U R U\' R\''),
(660, 139, 'R U\' R\' U R U\' R\' U R U R\''),
(661, 139, 'U R U2 R2 F R F\''),
(662, 139, 'y U F U2 F2 L F L\''),
(663, 139, 'y U F U2 F2 L F L\'	'),
(664, 140, 'y\' U\' R\' U2 R U\' R\' U R'),
(665, 140, 'y U\' L\' U2 L U\' L\' U L'),
(666, 140, 'd\' L\' U2 L U\' L\' U L'),
(667, 140, 'U\' R U\' R2 F R F\' R U\' R\''),
(668, 140, 'y L\' U L U\' L\' U L U\' L\' U\' L'),
(669, 141, 'R U\' R\' U2 R U R\''),
(670, 141, 'U2 R U R\' U R U\' R\''),
(671, 141, 'y F R U2 R\' F\''),
(672, 141, 'R B U2 B\' R\''),
(673, 141, 'U2 R U R2 F R F\''),
(674, 142, 'F\' L\' U2 L F'),
(675, 142, 'y\' R\' U R U2 R\' U\' R'),
(676, 142, 'r U\' r\' U2 r U r\''),
(677, 142, 'y\' U2 R\' U\' R U\' R\' U R'),
(678, 142, 'y U2 L\' U\' L U\' L\' U L'),
(679, 143, 'R U R\' U2 R U R\' U\' R U R\''),
(680, 143, 'U2 R2 U2 R\' U\' R U\' R2'),
(681, 143, 'U R U\' R\' U\' R U\' R\' U R U\' R\''),
(682, 143, 'y F\' U\' L\' U L F L\' U L'),
(683, 143, 'U R U\' R\' U\' R U\' R2 F R F\''),
(684, 144, 'F U R U\' R\' F\' R U\' R\''),
(685, 144, 'y U\' L\' U L U L\' U L U\' L\' U L'),
(686, 144, 'y\' R\' U\' R U2 R\' U\' R U R\' U\' R'),
(687, 144, 'U\' R U R2 F R F\' R U\' R\''),
(688, 144, 'U\' R U R\' U R U\' R\' U y\' R\' U R'),
(689, 145, 'R\' F\' R U R U\' R\' F '),
(690, 145, 'U\' R\' F R F\' R U R\''),
(691, 145, 'R\' U\' R\' U\' R\' U R U R'),
(692, 145, 'U\' F\' U F U R U\' R\''),
(693, 145, 'y U\' L\' U L y\' U R U\' R\''),
(694, 146, 'U R U\' R\' U\' F\' U F'),
(695, 146, 'U R U\' R\' F R\' F\' R'),
(696, 146, 'y r U r\' U\' r\' F r F\''),
(697, 146, 'U R U\' R\' d\' L\' U L'),
(698, 146, 'U R U R\' U\' y L\' U\' L'),
(699, 147, 'R U\' R\' U R U\' R\''),
(700, 147, 'R U\' R2 F R F\''),
(701, 147, 'y L\' U\' L U2 F U\' F\''),
(702, 147, 'y\' R\' U\' R U y U R U\' R\''),
(703, 148, 'y L\' U L U\' L\' U L'),
(704, 148, 'R U R\' U\' F R\' F\' R'),
(705, 148, 'y\' R\' U R U\' R\' U R'),
(706, 148, 'R U R\' U2 F\' U F'),
(707, 148, 'R U R\' U2 F\' U F'),
(708, 149, 'R\' F R F\' R\' F R F\''),
(709, 149, 'y L\' U\' L U L\' U\' L'),
(710, 149, 'y\' R\' U\' R U R\' U\' R'),
(711, 149, 'U2 R U\' R\' y\' R\' U\' R'),
(712, 149, 'M\' U R U\' r\' U R U\' R\''),
(713, 150, 'R U R\' U\' R U R\''),
(714, 150, 'y U\' L\' U\' L U2 F U2 F\' U F U\' F\''),
(715, 150, 'F R\' F\' R F R\' F\' R'),
(716, 151, 'U\' R\' F R F\' R U\' R\''),
(717, 151, 'R U\' R\' y L\' U2 L'),
(718, 151, 'l F\' R U\' R\' U l\''),
(719, 151, 'R U\' R\' y U L\' U L'),
(720, 151, 'R U\' R\' y\' R\' U2 R'),
(721, 152, 'R U R\' U\' R U R\' U\' R U R\''),
(722, 152, 'U R U\' R\' U R U\' R\' U R U\' R\''),
(723, 152, 'R2 U R2 U R2 U2 R2'),
(724, 152, 'y L\' U\' L U L\' U\' L U L\' U\' L'),
(725, 152, 'U R U R\' U\' R U2 R\' U R U\' R\''),
(726, 153, 'U\' R U\' R\' U2 R U\' R\''),
(727, 153, 'U\' R U\' R\' U R\' F R F\''),
(728, 153, 'y R\' D R U\' R\' D\' R'),
(729, 153, 'R U R\' U\' F\' U F R U\' R\' U F\' U F'),
(730, 153, 'R U R\' U\' R U\' R\' U R U\' R\''),
(731, 154, 'U R U R\' U2 R U R\''),
(732, 154, 'U\' R U2 R\' U R U R\''),
(733, 154, 'y U L\' U L U2 L\' U L'),
(734, 154, 'y\' U R\' U R U2 R\' U R'),
(735, 154, 'U\' R\' D\' R U R\' D R'),
(736, 155, 'U\' R U R\' U F\' U\' F '),
(737, 155, 'U2 R U R\' F R\' F\' R'),
(738, 155, 'U M\' U R U\' r\' R U\' R\''),
(739, 155, 'U2 R U\' R\' U\' y\' R\' U\' R'),
(740, 155, 'U\' R U R\' d R\' U\' R'),
(741, 156, 'U2 R\' F R F\' U2 R U R\''),
(742, 156, 'U F\' U\' F U\' R U R\''),
(743, 156, 'R2 u R U R\' U\' u\' R\' U R\''),
(744, 156, 'y U L\' U\' L y\' U\' R U R\''),
(745, 156, 'U2 F\' U\' F U R U\' R\''),
(746, 157, 'R2 U2 F R2 F\' U2 R\' U R\''),
(747, 157, 'R U\' R\' d R\' U2 R U2 R\' U R'),
(748, 157, 'R U R\' U2 R U2 R\' U F\' U\' F'),
(749, 157, 'R U2 R\' U R U2 R\' U F\' U\' F'),
(750, 157, 'R\' F R F\' R U\' R\' U R U\' R\' U2 R U\' R\''),
(751, 158, 'R U R\' U\' R U2 R\' U\' R U R\''),
(752, 158, 'R U\' R\' U\' R U R\' U2 R U\' R\''),
(753, 158, 'R2 U2 R\' U\' R U\' R\' U2 R\''),
(754, 158, 'F R\' F\' R2 U2 R\' U\' R U R\''),
(755, 159, 'R U R\' U2 R U\' R\' U R U R\''),
(756, 159, 'R U\' R\' U R U2 R\' U R U\' R\''),
(757, 159, 'R U2 R\' U R U\' R\' U R U R\''),
(758, 159, 'R U2 R U R\' U R U2 R2'),
(759, 159, 'F R\' F\' R U\' R U\' R\' U R U R\''),
(760, 160, 'R U\' R\' F R U R\' U\' F\' R U\' R\''),
(761, 160, 'r U\' r\' U2 r U r\' R U R\''),
(762, 160, 'R F U R U\' R\' F\' U\' R\''),
(763, 160, 'F\' L\' U2 L F R U R\''),
(764, 160, 'y L\' U\' L U L\' U L U2 y\' R U R\''),
(765, 161, 'R U R\' U\' R U\' R\' U2 y\' R\' U\' R'),
(766, 161, 'R U F R U R\' U\' F\' R\''),
(767, 161, 'R U\' R\' F\' L\' U2 L F'),
(768, 161, 'R U\' M\' U\' r\' U2 r U r\' '),
(769, 161, 'y F2 R U R\' U\' F\' U F\'');

-- --------------------------------------------------------

--
-- Table structure for table `algset`
--

DROP TABLE IF EXISTS `algset`;
CREATE TABLE IF NOT EXISTS `algset` (
  `setID` int(11) NOT NULL,
  `name` varchar(10) DEFAULT NULL,
  `pigcase` varchar(50) DEFAULT NULL,
  `pigstage` varchar(10) DEFAULT NULL,
  `pigview` varchar(10) DEFAULT NULL,
  PRIMARY KEY (`setID`)
) ENGINE=MyISAM AUTO_INCREMENT=5 DEFAULT CHARSET=latin1;

--
-- Dumping data for table `algset`
--

INSERT INTO `algset` (`setID`, `name`, `pigcase`, `pigstage`, `pigview`) VALUES
(1, 'OLL', 'R U2 R2\' F R F\' U2 R\' F R F\'', 'oll', 'trans'),
(2, 'PLL', 'R\' F R\' B2 R F\' R\' B2 R2', 'pll', 'plan'),
(3, 'CMLL', 'R\' U\' R U\' R\' U2 R', 'cmll', 'plan'),
(4, 'F2L', 'U R U\' R\'', 'f2l', 'trans');

-- --------------------------------------------------------

--
-- Table structure for table `user`
--

DROP TABLE IF EXISTS `user`;
CREATE TABLE IF NOT EXISTS `user` (
  `userID` int(11) NOT NULL AUTO_INCREMENT,
  `username` varchar(255) COLLATE utf8mb4_bin NOT NULL,
  `password` varchar(255) COLLATE utf8mb4_bin NOT NULL,
  `email` varchar(255) COLLATE utf8mb4_bin NOT NULL,
  `active` varchar(255) COLLATE utf8mb4_bin NOT NULL,
  `resetToken` varchar(255) COLLATE utf8mb4_bin DEFAULT NULL,
  `resetComplete` varchar(3) COLLATE utf8mb4_bin DEFAULT 'No',
  PRIMARY KEY (`userID`)
) ENGINE=MyISAM AUTO_INCREMENT=18 DEFAULT CHARSET=utf8mb4 COLLATE=utf8mb4_bin;

--
-- Dumping data for table `user`
--

INSERT INTO `user` (`userID`, `username`, `password`, `email`, `active`, `resetToken`, `resetComplete`) VALUES
(11, 'www', '$2y$10$6GneMhCFXq0DIIds4O2TReAXgfmYEIsmK5MIfo7E6mXocju7PAbVa', 'a@a.com', 'a6c88dbb77f09a46d02b8957c3b75886', NULL, 'No'),
(15, 'aaa', '$2y$10$sjM8wS9xsxt6QgmMVeLOqeNQpq6uIJ6HLvqrz8UH6O6knLhpkKc56', 'beroa@farmingdale.edu', 'Yes', '15ede3b3115ac69fd3ebb63291297cf4b116c9d3262315bbc3b717d905381610', 'Yes'),
(12, 'eee', '$2y$10$4Ir3klP1uf2WUbdo8/pZLegyH/7dWrltKFDqon7kdS.TK5fzs/xPe', 'e@e.e', '0a77138bbbfc5c0d9eed287664db1a7d', NULL, 'No'),
(13, 'ttt', '$2y$10$KArJNs2p8PqYyJ9qX2xWEegxbh7DqUZlzJsIoShkc.z3aAYjBcJOS', 'ww@w.w', '5a5fb6cf73c0147aff5eaebd7fa02a20', NULL, 'No'),
(14, 'qqq', '$2y$10$nCaXsZwQ9osZouC0EFSFGe52hMu7IeRDFE9EqJ6F79xK9aDfQeypy', 'q@q.q', 'ac8c98b8c6f2378294cf778af528e7d8', NULL, 'No'),
(16, 'bbb', '$2y$10$k/SU/XAErh7.JOMugTz/E.WBVD0bFGw1y7HO6dQJlFtftn5mAcOsq', 'alanberotti@gmail.com', 'Yes', NULL, 'No'),
(17, 'wqq', '$2y$10$S5ymFhHy00PSMp.48kuIneKSCIaxCWzl1uR2uiY2BSHKq/A5wvaI6', 'w@w.w', 'fb0f5ef189b2eaae708032461a484016', NULL, 'No');

-- --------------------------------------------------------

--
-- Table structure for table `user_alg`
--

DROP TABLE IF EXISTS `user_alg`;
CREATE TABLE IF NOT EXISTS `user_alg` (
  `userID` int(11) DEFAULT NULL,
  `caseID` int(11) NOT NULL,
  `moves` varchar(75) DEFAULT NULL,
  `setID` int(11) DEFAULT NULL
) ENGINE=MyISAM DEFAULT CHARSET=latin1;

--
-- Dumping data for table `user_alg`
--

INSERT INTO `user_alg` (`userID`, `caseID`, `moves`, `setID`) VALUES
(15, 59, 'y x\' R U\' R D2 R\' U R D2 R2 x', 2),
(15, 2, 'y r U r\' U2 R U2 R\' U2 r U\' r\'', 1),
(15, 64, 'y2 L2 u\' L U\' L U L\' u L2 y L U\' L\'', 2),
(15, 1, 'R U2 R2 F R F\' U2 R\' F R F\'', 1),
(15, 15, 'r\' U\' M\' U\' R U r\' U r', 1),
(15, 60, 'z U2 R2 F R U R\' U\' R U R\' U\' R U R\' U\' F\' R2 U2 z\'', 2),
(15, 26, 'R\' U L U\' R U L\'', 1),
(15, 7, 'y2 l U L\' U L U2 l\'', 1),
(15, 71, 'L U2 L\' U2 L F\' L\' U\' L U L F L2', 2),
(15, 72, 'y2 r\' F2 r F R U\' R\' U\' F\' U\' r U\' r\' F', 2),
(15, 93, 'U\' R\' U r U f R\' f\'', 3),
(15, 80, 'U2 R2 D R\' U R D\' R\' U R\' U\' R U\' R\'', 3),
(15, 101, 'R U\' L\' U R\' U L U L\' U L', 3),
(16, 79, 'U\' L U2 L\' U\' L U\' L\'', 3),
(15, 13, 'F U R U\' R2 F\' R U R U\' R\'', 1),
(15, 8, 'y2 r\' U\' R U\' R\' U2 r', 1),
(15, 35, 'f R U R\' U\' f\' R U R\' U R U2 R\'', 1),
(15, 57, 'M\' U\' M\' U\' M\' U\' M\' U2 M\' U\' M\' U\' M\' U\' M\'', 1),
(15, 121, 'y2 U L U\' L\'', 4),
(15, 122, 'r U R\' U\' M', 4),
(15, 88, 'F U R U\' R\' U R U\' R\' U R U\' R\' F\'', 3),
(16, 87, 'U2 R\' F\' R U2 R\' F2 R U\' F U F\'', 3),
(15, 81, 'U\' x\' F U\' R U L\' U2 R\' U2 R', 3),
(15, 70, 'R\' U R U\' R\' F\' U\' F R U R\' F R\' F\' R U\' R', 2),
(15, 66, 'R2 U2 R U2 R2 U2 R2 U2 R U2 R2', 2),
(15, 76, 'z D\' R2 D R2 U R\' D\' R U\' R U R\' D R U\'', 2),
(15, 75, 'R\' U R\' U\' R\' U\' R\' U R U R2', 2),
(15, 61, 'y2 R\' U2 R\' d\' R\' F\' R2 U\' R\' U R\' F R U\' F', 2),
(15, 111, 'U R\' F\' r U R U\' r\' F', 3),
(15, 103, 'U L\' U2 L U L\' U L', 3),
(15, 110, 'R\' U r U2 R2 F R F\' R', 3),
(15, 109, 'U2 R\' U2 R2 B2 D B D\' B R2 U2 R', 3),
(15, 115, 'R2 F U\' F U F2 R2 U\' R\' F R', 3),
(15, 116, 'R\' F R U\' R\' U\' R U R\' F\' R U R\' U\' R\' F R F\' R', 3),
(15, 99, 'F R\' F\' U2 R U R\' U R2 U2 R\'', 3),
(15, 114, 'R2 U\' R F R\' U R2 U\' R\' F\' R', 3),
(15, 117, 'L F\' L\' U\' L F\' L\' U\' F\' U2 F', 3),
(15, 113, 'R U R D R\' U\' R D\' R2', 3),
(15, 87, 'U F R U\' R\' U R U2 R\' U\' R U R\' U\' F\'', 3),
(15, 40, 'y\' F R U R\' U\' F\' R U R\' U R U2 R\'', 1),
(15, 24, 'y\' x\' R U R\' D R U\' R\' D\' x', 1),
(15, 22, 'R U2 R2 U\' R2 U\' R2 U2 R', 1),
(15, 23, 'y2 R2 D\' R U2 R\' D R U2 R', 1),
(15, 100, 'R U2 R\' U2 R\' F R2 U R\' U\' F\'', 3),
(15, 83, 'U2 L\' U R U\' L U R\'', 3),
(15, 79, 'U2 L\' U\' L U\' L\' U2 L', 3),
(15, 3, 'r\' R2 U R\' U r U2 r\' U M\'', 1),
(15, 124, 'R U R\'', 4),
(15, 6, 'y\' x\' D R2 U\' R\' U R\' D\' x', 1),
(15, 45, 'F R2 D R\' U R D\' R2 U\' F\'', 1),
(15, 44, 'y2 F U R U\' R\' F\'', 1),
(15, 82, 'U2 R U2 r\' U2 R\' F R F\' M\'', 3),
(15, 85, 'U\' R U R\' U R U\' R\' U R U2 R\'', 3),
(15, 91, 'R\' F\' R U R\' U\' R\' F R2 U\' R\' U2 R', 3),
(15, 86, 'U\' R U R\' U R U L\' U R\' U\' L', 3),
(15, 84, 'U2 R\' U\' R U\' L U\' R\' U L\' U2 R', 3),
(15, 69, 'L U\' R U2 L\' U R\' L U\' R U2 L\' U R\'', 2),
(15, 74, 'y2 M2 U M U2 M\' U M2', 2),
(15, 67, 'y2 R\' U2 R U R\' U2 L U\' R U L\'', 2),
(15, 62, 'R2 u R\' U R\' U\' R u\' R2 F\' U F', 2),
(15, 125, 'F2 L\' U\' L U F2', 4),
(15, 123, 'y\' R\' U\' R', 4),
(15, 148, 'R U R\' U\' F R\' F\' R', 4),
(15, 39, 'y\' R B\' R\' U\' R U B U\' R\'', 1),
(15, 42, 'y R\' F R F\' R\' F R F\' R U R\' U\' R U R\'', 1),
(15, 41, 'y2 R U R\' U R U2 R\' F R U R\' U\' F\'', 1),
(15, 28, 'M U M\' U2 M U M\'', 1),
(15, 53, 'y r\' U2 R U R\' U\' R U R\' U r', 1),
(15, 30, 'M U\' L\' U\' L U L F\' L\' F M\'', 1),
(15, 38, 'L\' U\' L F L\' U\' L U L F\' L\' U L F\' L\' F', 1),
(15, 36, 'y2 R U R\' F\' R U R\' U\' R\' F R U\' R\' F R F\'', 1),
(15, 5, 'y2 l\' U2 L U L\' U l', 1),
(15, 10, 'y2 L\' U\' L U L F\' L2 U\' L U F', 1),
(15, 11, 'y2 r U R\' U R\' F R F\' R U2 r\'', 1),
(15, 12, 'y\' M\' R\' U\' R U\' R\' U2 R U\' M', 1),
(15, 89, 'F\' R D2 R\' F U2 F\' R D2 R\' F', 3),
(15, 90, 'U2 F U2 F\' U\' R\' F\' R U\' R\' F\' R', 3),
(15, 58, 'l\' U R\' D2 R U\' R\' D2 R2', 2),
(15, 25, 'y\' x\' R U\' R\' D R U R\' D\' x', 1),
(15, 31, 'y S R U R\' U\' f\' U\' F', 1),
(15, 33, 'y\' r\' U\' r\' D\' r U r\' D r2', 1),
(15, 27, 'y L\' U2 L U L\' U L', 1),
(15, 106, 'r U\' L\' U R2 U2 L U\' L\' U2 R2 x\'', 3),
(15, 146, 'U R U\' R\' F R\' F\' R', 4),
(15, 147, 'R U\' R\' U R U\' R\'', 4),
(15, 149, 'U2 R U\' R\' y\' R\' U\' R', 4),
(15, 150, 'y U\' L\' U\' L U2 F U2 F\' U F U\' F\'', 4),
(15, 152, 'R2 U R2 U R2 U2 R2', 4),
(15, 153, 'R U R\' U\' F\' U F R U\' R\' U F\' U F', 4),
(15, 154, 'y\' U R\' U R U2 R\' U R', 4),
(15, 155, 'U2 R U\' R\' U\' y\' R\' U\' R', 4),
(15, 156, 'R2 u R U R\' U\' u\' R\' U R\'', 4),
(15, 158, 'R2 U2 R\' U\' R U\' R\' U2 R\'', 4),
(15, 157, 'R\' F R F\' R U\' R\' U R U\' R\' U2 R U\' R\'', 4),
(15, 49, 'l U\' l2 U l2 U l2 U\' l', 1),
(15, 50, 'y2 l\' U l2 U\' l2 U\' l2 U l\'', 1),
(15, 51, 'f R U R\' U\' R U R\' U\' f\'', 1),
(15, 55, 'y R\' F R U R U\' R2 F\' R2 U\' R\' U R U R\'', 1),
(15, 56, 'r U r\' U R U\' R\' U R U\' M\' U\' r\'', 1),
(15, 52, 'R\' U\' R U\' R\' U F\' U F R', 1),
(15, 46, 'y F R U R\' y\' R\' U R U2 R\'', 1),
(15, 9, 'r\' R2 U2 R\' U\' R U\' R\' U\' M\'', 1),
(15, 14, 'R\' F R U R\' F\' R F U\' F\'', 1),
(15, 102, 'L\' U\' L U\' L\' U L F R U R\' F\'', 3),
(15, 94, 'U\' R\' U\' R U R\' F\' R U R\' U\' R\' F R2', 3),
(15, 63, 'y F\' U\' F R2 u R\' U R U\' R u\' R2', 2),
(15, 68, 'L\' U R U\' L U2 R\' U R U2 R\'', 2),
(15, 65, 'D\' R U R\' U\' D R2 U\' R U\' R\' U R\' U R2', 2),
(15, 73, 'R2 U R2 U\' R2 U\' D R2 U\' R2 U R2 D\'', 2);
COMMIT;

/*!40101 SET CHARACTER_SET_CLIENT=@OLD_CHARACTER_SET_CLIENT */;
/*!40101 SET CHARACTER_SET_RESULTS=@OLD_CHARACTER_SET_RESULTS */;
/*!40101 SET COLLATION_CONNECTION=@OLD_COLLATION_CONNECTION */;
